{ "timestamp":"2023-10-31T21:08:36Z", "event":"Status", "Flags":155320320, "Flags2":0, "Pips":[2,8,2], "FireGroup":0, "GuiFocus":0, "Fuel":{ "FuelMain":56.603745, "FuelReservoir":0.497116 }, "Cargo":746.000000, "LegalState":"Clean", "Balance":561377672, "Destination":{ "System":13865362269601, "Body":0, "Name":"LHS 184" } }
