{ "timestamp":"2023-10-26T14:11:09Z", "event":"Status", "Flags":16842757, "Flags2":0, "Pips":[2,8,2], "FireGroup":0, "GuiFocus":0, "Fuel":{ "FuelMain":32.000000, "FuelReservoir":0.630000 }, "Cargo":0.000000, "LegalState":"Clean", "Balance":2824854818 }
