{ "timestamp":"2024-02-27T07:07:44Z", "event":"Status", "Flags":150994968, "Flags2":0, "Pips":[4,8,0], "FireGroup":0, "GuiFocus":0, "Fuel":{ "FuelMain":9.184182, "FuelReservoir":0.229106 }, "Cargo":24.000000, "LegalState":"Clean", "Balance":1029851701, "Destination":{ "System":2869977163201, "Body":3, "Name":"DEE REST G0F-37G" } }
