{ "timestamp":"2023-10-31T23:51:47Z", "event":"Status", "Flags":1224867856, "Flags2":524288, "Pips":[2,8,2], "FireGroup":0, "GuiFocus":0, "Fuel":{ "FuelMain":25.083397, "FuelReservoir":0.573801 }, "Cargo":0.000000, "LegalState":"Clean", "Balance":673031284, "Destination":{ "System":3382588641994, "Body":0, "Name":"Chacocels" } }
