{ "timestamp":"2024-02-26T16:45:13Z", "event":"Status", "Flags":151060493, "Flags2":0, "Pips":[4,8,0], "FireGroup":1, "GuiFocus":0, "Fuel":{ "FuelMain":16.000000, "FuelReservoir":0.057860 }, "Cargo":37.000000, "LegalState":"Hostile", "Balance":1032917686, "Destination":{ "System":3068494072163, "Body":1, "Name":"DEE REST G0F-37G" } }
