{ "timestamp":"2023-10-31T23:53:19Z", "event":"Status", "Flags":150994960, "Flags2":0, "Pips":[2,8,2], "FireGroup":0, "GuiFocus":0, "Fuel":{ "FuelMain":25.083397, "FuelReservoir":0.534727 }, "Cargo":0.000000, "LegalState":"Clean", "Balance":673031284 }
