{ "timestamp":"2024-02-27T13:35:31Z", "event":"Status", "Flags":16842757, "Flags2":0, "Pips":[2,8,2], "FireGroup":0, "GuiFocus":5, "Fuel":{ "FuelMain":32.000000, "FuelReservoir":0.630000 }, "Cargo":49.000000, "LegalState":"Clean", "Balance":1031759978, "Destination":{ "System":40554691578672, "Body":0, "Name":"Hayimstae" } }
